id,date,city,province,target_name,target_type,incident_type,description,severity,arrests,charges,court_jurisdiction,police_agency,police_file_number,damage_estimate_cad,source,notes
1,2023-10-17,Calgary,AB,Calgary Jewish Community Centre,,egging and anti‑Semitic disturbance,Suspect shouted anti‑Semitic profanities and egged vehicles and Holocaust memorial at the Calgary JCC.,watch,,,,,,,https://globalnews.ca/news/10031951/hate-crimes-investigating-disturbance-calgary-jewish-community-centre/,
2,2023-10-18,Toronto,ON,Cafe Landwer,business,targeted protest,Protesters singled out the Israeli-founded cafe with chants including Zionist cafe and Boycott.,elevated,False,,,,,,https://thecjn.ca/news/man-arrested-after-setting-off-smoke-flare-at-toronto-cafe/,
3,2023-10-22,Vancouver,BC,Israeli hostages poster defacement and threats (Vancouver),,poster defacement / threats / hate crime,Poster of Israeli hostages defaced with antisemitic language; charges later approved against Mircea Iulian Pripoae.,watch,True,,,,,,https://vpd.ca/news/2024/03/12/vpd-investigation-leads-to-charge-in-anti-semitic-hate-crime/,
4,2023-10-29,Calgary,AB,Two Calgary Jewish community organizations (online threats),,threat messages,Police arrested Mohamad Ghandour after threats to Jewish organizations.,watch,True,,,,,,https://globalnews.ca/news/10080420/1-charged-online-threats-calgary/,
5,2023-10-31,Ottawa,ON,Ottawa Jewish Community School,Jewish institution,anonymous threat,The school received an anonymous bomb threat amid a wider series of Ottawa incidents.,watch,False,,,,,,https://ottawa.citynews.ca/2023/11/02/ops-aware-of-threats-made-to-various-institutions-in-ottawa/,
6,2023-11-03,Toronto,ON,TMU silent protest intimidation and harassment incident,campus / Jewish students,"protest intimidation, verbal threats, spitting, security escort","A CIJA-linked court filing said participants in a Silent Protest for Peace & Humanity at TMU were surrounded by students who intimidated and harassed them, spat on the ground in front of them, and one was heard saying 'next time on campus you won't be together.' TMU security escorted the group to safety.",watch,False,,,,,,https://www.cija.ca/tmu_student_suing_university_for_fostering_poisoned_antisemitic_environment,Added as a concrete campus intimidation incident with date-specific allegations in legal filings.
7,2023-11-05,Calgary,AB,Calgary City Hall protest anti‑Semitic phrase incident,,anti‑Semitic chant during protest speech,Speaker at pro‑Palestinian protest used anti‑Semitic phrase; police charged Wesam Cooley.,low,True,,,,,,https://globalnews.ca/news/10077392/man-arrested-causing-disturbance-anti-semitic-phrase-middle-east-protest/,
8,2023-11-07,Dollard-des-Ormeaux,QC,Congregation Beth Tikvah,synagogue,Molotov cocktail thrown at entrance,Security footage showed a Molotov cocktail thrown around 1 a.m. at the entrance of Congregation Beth Tikvah in Dollard-des-Ormeaux. The device caused minor damage and formed part of the same overnight wave that also struck the nearby Federation CJA West Island office.,elevated,False,,,Service de police de la Ville de Montréal (SPVM),,,https://thecjn.ca/news/molotov-cocktail-discoveries-in-dollard-lead-jewish-leaders-to-call-for-increased-security-and-antisemitism-awareness-in-montreal/,"The CJN published Nov. 7, 2023 and described the attack as having occurred early Tuesday morning, which was Nov. 7; user-supplied date was Nov. 2, but source-backed chronology indicates Nov. 7. Kept the exact source-backed incident date."
9,2023-11-07,Dollard-des-Ormeaux,QC,Federation CJA - West Island office,community institution,Incendiary device / Molotov-related attack at office building,An overnight attack also targeted the West Island office of Federation CJA across from Congregation Beth Tikvah in Dollard-des-Ormeaux. Reporting described the remains of a second Molotov cocktail or incendiary device discovered at the building during the same apparent coordinated attack.,elevated,False,,,Service de police de la Ville de Montréal (SPVM),,,https://thecjn.ca/news/molotov-cocktail-discoveries-in-dollard-lead-jewish-leaders-to-call-for-increased-security-and-antisemitism-awareness-in-montreal/ ; https://apnews.com/article/49a8dace464e0b83def53ed21725bbe0,The primary source indicates the same early-morning timeframe as the Beth Tikvah incident. AP later described the 2023 incident as causing minor damage to the back door.
10,2023-11-08,Montreal,QC,Concordia University Jewish student event / security,campus,clash with injuries and arrest,A clash between pro-Palestinian and Jewish students led to one arrest and three minor injuries.,elevated,True,Assaulting a security guard,Quebec / Montreal (exact court not specified in source used),,,,https://thecjn.ca/news/clash-at-concordia/,
11,2023-11-09,Montreal,QC,United Talmud Torahs of Montreal,Jewish institution,school targeted by bullets,One of two Jewish schools struck in the Nov. 9 overnight shootings.,elevated,True,"Series-linked charges including discharging a firearm at a location knowing a person might be inside (Nov. 12 incident), theft / receiving stolen vehicles, and mischief tied to the Nov. 9 shootings",Quebec Court / Montreal courthouse,,,,https://montreal.citynews.ca/2025/02/20/montreal-police-arrests-school-shooting/,
12,2023-11-09,Montreal,QC,Yeshiva Gedola of Montreal,Jewish institution,school targeted by bullets,Yeshiva Gedolah was hit in the Nov. 9 overnight shootings.,critical,True,"Series-linked charges including discharging a firearm at a location knowing a person might be inside (Nov. 12 incident), theft / receiving stolen vehicles, and mischief tied to the Nov. 9 shootings",Quebec Court / Montreal courthouse,,,,https://montreal.citynews.ca/2025/02/20/montreal-police-arrests-school-shooting/,
13,2023-11-10,Toronto,ON,Indigo Books (Bay & Bloor),business,postering and red-paint defacement,"Toronto police said suspects glued posters to the doors and windows of the Indigo bookstore at Bay and Bloor and poured red paint on the windows and sidewalk. Police treated the investigation as a suspected hate-motivated offence tied to the Jewish founder and CEO, Heather Reisman.",watch,True,"Mischief over $5,000; conspiracy to commit an indictable offence; criminal harassment","Ontario Court of Justice, Toronto",Toronto Police Service,,,https://toronto.citynews.ca/2023/11/30/police-lay-additional-charges-in-hate-motivated-vandalism-probe-at-toronto-indigo/ ; https://toronto.citynews.ca/2025/03/27/charges-dropped-indigo-bookstore-defacement/,"This is the underlying November 10, 2023 vandalism event that later produced the 'Indigo 11' arrests and court proceedings."
14,2023-11-12,Montreal,QC,Yeshiva Gedola of Montreal,Jewish institution,second shooting,A second shooting struck Yeshiva Gedolah days after the Nov. 9 attacks.,critical,True,Ahmed: discharging a firearm at a location knowing a person might be inside; theft; receiving stolen vehicles; mischief. Joseph: recklessly discharging a firearm at a location knowing a person might be inside; vehicle theft; possession of stolen property,Quebec Court / Montreal courthouse,,,,https://thecjn.ca/news/second-arrest-made-in-relation-to-montreal-jewish-school-shooting/,
15,2023-11-15,Vancouver,BC,Unnamed Vancouver Jewish day school,Jewish institution,repeated antisemitic approach / Nazi salute,"A man reportedly appeared repeatedly at a Vancouver Jewish day school, uttering antisemitic comments and giving a Nazi salute.",watch,False,,,,,,https://thecjn.ca/news/antisemitism-audit-2024/,
16,2023-12-15,Ottawa,ON,Ottawa Jewish persons (terror plot arrest),Jewish individuals,explosive-linked terror instruction plot,RCMP arrested and charged an unnamed Ottawa youth with facilitating terrorist activity by communicating instructional material related to an explosive substance and instructing a person to carry out terrorist activity against Jewish persons.,watch,True,Facilitation of terrorist activity by communicating instructional material related to an explosive substance; knowingly instructing a person to carry out terrorist activity against Jewish persons,Ottawa area youth court,Royal Canadian Mounted Police (RCMP),,,https://www.rcmp-grc.gc.ca/en/news/2023/ottawa-youth-arrested-terrorism-offences,Youth Criminal Justice Act prevents naming the accused.
17,2024-01-15,Toronto,ON,Jewish-owned deli (name not publicly specified),Western civilian target,sign fire,A Toronto deli whose sign read IDF was targeted in a suspected antisemitic fire incident.,watch,False,,,,,,https://thecjn.ca/news/not-that-idf/,
18,2024-01-27,Fredericton,NB,Sgoolai Israel Synagogue,,windows smashed,Multiple windows broken at synagogue on International Holocaust Remembrance Day.,low,,,,,,,https://globalnews.ca/news/10255221/fredericton-sgoolai-israel-synagogue-vandalized-international-holocaust-remembrance-day/,
19,2024-02-15,Ottawa,ON,Ottawa Jewish persons (second-youth co-conspirator arrest),Jewish individuals,co-conspirator terror-plot arrest and expanded charges,"In the same Ottawa terrorism investigation, RCMP laid additional terrorism charges against the first youth and arrested a second unnamed youth co-conspirator. The case was presented as part of the same alleged plot targeting Jewish persons.",elevated,True,First youth: conspiracy to commit murder for the benefit of / in association with a terrorist group; facilitating terrorist activity by instructional material and propaganda. Second youth: conspiracy to commit murder for the benefit of / in association with a terrorist group; facilitating terrorist activity by instructional material and propaganda; facilitating terrorist activity by seeking to acquire a prohibited firearm,Ottawa area youth court,Royal Canadian Mounted Police (RCMP),,,https://www.rcmp-grc.gc.ca/en/news/2024/ottawa-area-youths-arrested-and-charged-terrorist-offences-rcmp,Source states the second youth was a co-conspirator in the same investigation; identities withheld under YCJA.
20,2024-02-22,Montreal,QC,McGill Bronfman Building blockade,campus building / Jewish-associated target,blockade of Jewish-associated building and disruption of classes,"B’nai Brith reported that anti-Israel protesters blockaded the McGill Bronfman Building for about eight hours, blocked all entrances, and forced classes and activities to be cancelled. The building is associated with the Bronfman family, one of Canada’s most prominent Jewish families.",watch,False,,,,,,https://www.bnaibrith.ca/bnai-brith-urges-accountability-following-blockade-of-mcgill-bronfman-building/,Added as a concrete building-targeted campus intimidation/disruption incident.
21,2024-03-01,Toronto,ON,TMU 'Zionism Off Our Campus' signage campaign,campus / Jewish students,hostile signage campaign targeting Zionist/Jewish campus presence,"CIJA’s reporting on the TMU student lawsuit states that in March 2024, students walked through TMU buildings carrying signs reading 'Zionism Off Our Campus,' which Jewish students interpreted as a call for Jews to be removed from campus.",watch,False,,,,,,https://www.cija.ca/tmu_student_suing_university_for_fostering_poisoned_antisemitic_environment,"Dated conservatively to March 1, 2024 because the filing specifies March 2024 but not exact day."
22,2024-03-04,Montreal,QC,Federation CJA,community organization,protest blocked entrances,A protest outside Federation CJA blocked access during an event moved off campus; two men were arrested.,elevated,True,Assault,Quebec / Montreal (exact court not specified in source used),,,,https://thecjn.ca/news/after-concordia-wouldnt-let-a-student-group-hold-an-israel-related-event-on-campus-they-moved-to-federation-cjas-building-where-protesters-blocked-the-entrances/,
23,2024-03-04,Vaughan,ON,Toronto synagogue bomb threat case,,threat to bomb synagogues,Waisuddin Akbari threatened to plant bombs in Toronto synagogues.,elevated,True,,,,,,https://globalnews.ca/news/11094503/waisuddin-akbari-antisemitism-bomb-threat-toronto-synagogues/,
24,2024-03-05,Montreal,QC,Spanish and Portuguese Synagogue,Jewish institution,injunction-triggering protest,A second consecutive night of protests at Jewish institutions contributed to a court injunction creating a 50-metre buffer zone.,watch,False,,,,,,https://thecjn.ca/news/montreal-protest-injunction/,
25,2024-03-07,Thornhill,ON,Beth Avraham Yoseph of Toronto (BAYT),Western civilian target,real-estate expo protest,A large protest and counter-protest outside BAYT resulted in three arrests including for knife possession and assault.,elevated,True,Possession of a weapon for a dangerous purpose; assault; assault with a weapon; possessing weapons dangerous to the public,York Region / Ontario (exact court not specified in source used),,,,https://thecjn.ca/news/a-protest-directed-at-an-israeli-real-estate-expo-at-a-thornhill-synagogue-brought-on-a-jewish-counter-demonstration-and-the-scene-resulted-in-multiple-arrests/,
26,2024-04-19,Toronto,ON,Kehillat Shaarei Torah,synagogue,five windows smashed,Security footage showed an individual using a hammer to smash five windows before Passover.,elevated,False,,,,,,https://thecjn.ca/news/kst-raccoon/,
27,2024-04-26,Toronto,ON,Beth Tikvah Synagogue,Jewish institution,hostage-poster billboard set on fire,One of the first incidents later tied by police to a broader alleged arson and vandalism spree in Toronto.,critical,True,29-count TPS case including advocating genocide; wilful promotion of hatred; public incitement of hatred; five arson counts; mischief / mischief to cultural property; uttering threats; criminal harassment; firearms / prohibited weapons offences; and fraud / stolen-property related counts,"Ontario Court of Justice, 10 Armoury Street, Toronto (bail hearing March 17, 2025); subsequent Superior Court bail review reported",,,,https://thecjn.ca/news/allegedly-motivated-by-hatred/,
28,2024-04-26,Vancouver,BC,Vancouver Art Gallery Samidoun rally glorifying Oct 7 attack,,speech praising Hamas attack,Charlotte Kates praised Oct.7 attack and led chants supporting Hamas.,low,True,,,,,,https://globalnews.ca/news/11199403/charlotte-kates-charge-decision-delay-1-year/,
29,2024-04-27,Toronto,ON,University of Toronto anti-Israel encampment on Front Campus,campus / Jewish students,illegal encampment cited as harming Jewish students' rights and safety,B’nai Brith said the anti-Israel encampment on U of T’s Front Campus caused irreparable harm to the human rights of Jewish members of the university community. The Ontario Superior Court later granted an injunction requiring the encampment’s removal.,watch,False,,,,,,https://www.bnaibrith.ca/court-grants-injunction-at-u-of-t-following-bnai-brith-intervention/,"Dated to the public start period of the encampment; the court injunction was issued July 2, 2024."
30,2024-05-09,Regina,SK,Regina cenotaph anti-Semitic graffiti incident,public monument / anti-Jewish messaging,anti-Israel graffiti and Star of David imagery on cenotaph,"Regional reporting said the Regina cenotaph and other downtown locations were spray-painted with anti-Israel messages and a Star of David, which Saskatchewan officials condemned as anti-Semitic.",low,False,,,Regina Police Service / City of Regina context,,,https://www.cjme.com/2024/05/09/cenotaph-spray-painted-again-as-wave-of-vandalism-hits-regina/,Added as a medium-confidence anti-Jewish public-space incident from regional reporting.
31,2024-05-15,Toronto,ON,Beth Tikvah Synagogue,Jewish institution,repeated vandalism / sign fires,Approximate month-only row capturing one of the repeated Beth Tikvah Toronto incidents described in later police reporting.,elevated,False,,,,,,https://thecjn.ca/news/toronto-police-seeking-a-suspect-involved-in-multiple-cases-of-synagogue-vandalism/,Approximate month-only row; exact day not public in snippet.
32,2024-05-15,Toronto,ON,Kehillat Shaarei Torah,Western civilian target,repeated broken windows / damage,Approximate month-only row capturing one of the repeated vandalism incidents at KST documented as part of an eight-incident sequence in 2024.,elevated,False,,,,,,https://thecjn.ca/news/toronto-police-seeking-a-suspect-involved-in-multiple-cases-of-synagogue-vandalism/,Approximate month-only row; exact day not public in snippet.
33,2024-05-15,Toronto,ON,Miles Nadal JCC,community centre,protest outside JCC,At least one protest outside the downtown JCC led parents to pick up children early.,watch,False,,,,,,https://thecjn.ca/news/toronto-council-passes-bubble-zone-bylaw-restricting-protests-after-a-lengthy-debate/,
34,2024-05-25,Toronto,ON,Bais Chaya Mushka Elementary School,Jewish institution,first shooting,Gunfire struck the Jewish girls school in the early morning hours.,elevated,False,,,,,,https://thecjn.ca/news/bais-chaya-mushka-elementary-school/,
35,2024-05-29,Montreal,QC,Belz school at Young Israel of Montreal,Jewish institution,School struck by bullets / drive-by style shooting,"Police investigated after bullets struck the Belz school, located at the Young Israel of Montreal synagogue. Reporting said staff discovered signs that at least one or two bullets had hit the building when they arrived on May 29; police were unsure exactly when the shots were fired overnight.",elevated,False,,,Service de police de la Ville de Montréal (SPVM),,,https://globalnews.ca/news/10533648/montreal-jewish-school-hit-by-bullet/,"The Global News reporting states the damage was discovered Wednesday, May 29, 2024; exact firing time was uncertain."
36,2024-05-30,Vancouver,BC,Congregation Schara Tzedeck,Jewish institution,accelerant fire at front doors,An accelerant was used to light a fire at the synagogue front entrance while people were still inside.,watch,False,,,Vancouver Police Department,,,https://thecjn.ca/news/schara-tzedeck/,
37,2024-06-09,Toronto,ON,UJA Walk With Israel / Prosserman JCC,community event,clashes and multiple arrests,Counter-protests and incidents of intimidation at the Walk With Israel resulted in six arrests.,watch,True,Public incitement of hatred; resist peace officer; cause a disturbance; fail to leave premises when directed; obstruct peace officer; assault peace officer; assault; mischief interfere with property,Toronto / Ontario (exact court appearances not publicly specified in the sources used),,,,https://thecjn.ca/news/toronto-ujas-walk-with-israel-sets-a-record-with-50000-people-who-marched-up-bathurst-street/,
38,2024-06-14,Saint-Joseph-du-Lac,QC,Jewish community online hate speech and weapons case (Pascal Tribout),,wilful promotion of hatred toward Jewish community plus firearms offences,RCMP charged Pascal Tribout after investigators found hateful comments targeting the Jewish community alongside a 3D-printed firearms investigation.,watch,True,Wilful promotion of hatred; firearms manufacturing and trafficking offences,Quebec proceedings,,,,https://rcmp.ca/en/news/2024/06/individual-charged-3d-printing-firearms-and-hate-speech,
39,2024-06-15,Toronto,ON,Beth Tikvah Synagogue,Jewish institution,repeated vandalism / sign fires,Approximate month-only row capturing one of the repeated Beth Tikvah Toronto incidents described in later police reporting.,elevated,False,,,,,,https://thecjn.ca/news/toronto-police-seeking-a-suspect-involved-in-multiple-cases-of-synagogue-vandalism/,Approximate month-only row; exact day not public in snippet.
40,2024-06-15,Toronto,ON,Forest Hill Jewish Centre,Jewish institution,barrage of threatening phone calls,The synagogue received a barrage of threatening phone calls; later court records tied the allegation into a broader case.,critical,True,29-count TPS case including advocating genocide; wilful promotion of hatred; public incitement of hatred; five arson counts; mischief / mischief to cultural property; uttering threats; criminal harassment; firearms / prohibited weapons offences; and fraud / stolen-property related counts,"Ontario Court of Justice, 10 Armoury Street, Toronto (bail hearing March 17, 2025); subsequent Superior Court bail review reported",,,,https://thecjn.ca/news/allegedly-motivated-by-hatred/,
41,2024-06-15,Toronto,ON,Kehillat Shaarei Torah,Western civilian target,repeated broken windows / damage,Approximate month-only row capturing one of the repeated vandalism incidents at KST documented as part of an eight-incident sequence in 2024.,elevated,False,,,,,,https://thecjn.ca/news/toronto-police-seeking-a-suspect-involved-in-multiple-cases-of-synagogue-vandalism/,Approximate month-only row; exact day not public in snippet.
42,2024-06-19,Montreal,QC,Falafel Yoni,business,three projectile holes in front windows; gunfire unconfirmed,"SPVM investigated after three holes were found in the front windows of Falafel Yoni in Mile End. The owner said the business had appeared on online boycott lists and believed it was targeted because it was Israeli-owned, but police said it was still too early to determine whether it was a hate crime or whether the damage came from gunfire.",elevated,False,,,Service de police de la Ville de Montréal (SPVM),,,https://montreal.citynews.ca/2024/06/19/restaurant-targeted-mile-end/,"CityNews reported the discovery on June 19, 2024 and noted police had not confirmed gunfire."
43,2024-06-19,Montreal,QC,Sherbatov Fit,business,windows shattered by object,"The same CityNews report on Falafel Yoni said nearby gym Sherbatov Fit, whose co-owner is Jewish and Israeli-born, also had its front-layer windows shattered by an object around the same period. SPVM told CityNews the damage was not caused by a firearm.",elevated,False,,,Service de police de la Ville de Montréal (SPVM),,,https://montreal.citynews.ca/2024/06/19/restaurant-targeted-mile-end/,Mentioned in the Falafel Yoni CityNews report as a related nearby targeted business.
44,2024-06-30,Toronto,ON,Kehillat Shaarei Torah,Jewish institution,projectile through window,A motorcyclist was reported near the synagogue before a projectile was thrown into a window.,critical,True,29-count TPS case including advocating genocide; wilful promotion of hatred; public incitement of hatred; five arson counts; mischief / mischief to cultural property; uttering threats; criminal harassment; firearms / prohibited weapons offences; and fraud / stolen-property related counts,"Ontario Court of Justice, 10 Armoury Street, Toronto (bail hearing March 17, 2025); subsequent Superior Court bail review reported",,,,https://thecjn.ca/news/allegedly-motivated-by-hatred/,
45,2024-06-30,Toronto,ON,Pride of Israel Synagogue,Jewish institution,windows shattered with rocks,Multiple windows and panes were shattered in an overnight attack around 3 a.m.,elevated,False,,,,,,https://thecjn.ca/news/toronto-synagogue-attacks/,
46,2024-07-10,Edmonton,AB,Victoria Promenade anti-Israel / anti-Jewish graffiti,,graffiti / anti-Jewish intimidation,EPS investigated anti-Israel graffiti and consulted hate crimes unit.,low,False,,,,,,https://edmonton.citynews.ca/2024/07/11/hate-crimes-unit-being-consulted-as-edmonton-police-investigate-anti-israel-graffiti/,
47,2024-07-15,Toronto,ON,Beth Tikvah Synagogue,Jewish institution,repeated vandalism / sign fires,Approximate month-only row capturing one of the repeated Beth Tikvah Toronto incidents described in later police reporting.,elevated,False,,,,,,https://thecjn.ca/news/toronto-police-seeking-a-suspect-involved-in-multiple-cases-of-synagogue-vandalism/,Approximate month-only row; exact day not public in snippet.
48,2024-07-21,Edmonton,AB,North-central Edmonton graffiti directed at Jewish community,,graffiti / anti-Jewish intimidation,EPS sought suspect after hate-motivated graffiti directed at Jewish community.,low,False,,,,,,https://edmonton.citynews.ca/2024/07/25/edmonton-police-hate-motivated-graffiti-suspect/,
49,2024-07-28,Calgary,AB,Beth Tzedec Congregation / Calgary Jewish Academy area,Jewish institution,pro-Hamas threatening graffiti,Threatening graffiti including references to Hamas Al-Aqsa Flood appeared near a synagogue and Jewish day school.,watch,False,,,,,,https://www.jpost.com/diaspora/antisemitism/article-812682,
50,2024-07-28,Richmond Hill,ON,Potential Toronto Jewish-community threat (Eldidi terrorism case),Jewish community (general),advanced-stage violent terror plot disrupted,"RCMP arrested Ahmed Fouad Mostafa Eldidi and Mostafa Eldidi at a Richmond Hill hotel, alleging they were in the advanced stages of planning a serious, violent attack in Toronto on behalf of ISIS. Public reporting did not identify a Jewish target, but the case is included here at the user's request as a terrorism arrest potentially dangerous to the Jewish community.",critical,True,Participation in the activities of a terrorist group; facilitating terrorist activity; possession of a weapon for dangerous purpose; conspiracy to commit murder. Ahmed Eldidi also faced aggravated assault,"Ontario virtual court appearance scheduled Aug. 1, 2024",Royal Canadian Mounted Police (RCMP),,,https://www.newswire.ca/news-releases/father-and-son-arrested-for-terrorism-offences-823864008.html ; https://toronto.citynews.ca/2024/07/31/father-son-facing-terror-charges-allegedly-planning-violent-toronto-attack-rcmp/,"RCMP publicly announced charges on July 31, 2024; public reporting said the arrests occurred on July 28. Public reporting did not identify a Jewish target."
51,2024-07-31,Toronto,ON,Kehillat Shaarei Torah,Jewish institution,three signs torched,A motorcyclist returned overnight and set fire to three signs outside the synagogue.,elevated,False,,,,,,https://thecjn.ca/news/signs-at-two-toronto-synagogues-torched-overnight-in-hate-motivated-crime-spree/,
52,2024-07-31,Toronto,ON,Pride of Israel Synagogue,Jewish institution,protesters on synagogue steps,"At a solidarity rally one month after the vandalism, protesters gathered at the synagogue and some were removed from the front steps by police.",elevated,False,,,,,,https://thecjn.ca/news/pride-of-israel-synagogue-hosted-a-solidarity-rally-a-month-after-its-windows-were-shattered/,
53,2024-07-31,Toronto,ON,Temple Sinai,synagogue,sign torched,A UJA sign outside Temple Sinai was lit on fire in the same overnight spree.,elevated,False,,,,,,https://thecjn.ca/news/signs-at-two-toronto-synagogues-torched-overnight-in-hate-motivated-crime-spree/,
54,2024-07-31,Toronto,ON,Unnamed North York Jewish school sign,school,sign lit on fire,"Less than 10 minutes after the synagogue sign fire, Toronto police said the same suspect lit a sign on fire in front of a Jewish school in the Avenue Road and Wilson Avenue area. Investigators treated the incident as a suspected hate-motivated offence.",elevated,False,,,Toronto Police Service,,,https://toronto.citynews.ca/2024/07/31/hate-motivated-arson-at-north-york-synagogue-jewish-school/,Linked by police to the same motorcycle-riding suspect as the synagogue sign fire.
55,2024-07-31,Toronto,ON,Unnamed North York synagogue sign,synagogue,sign lit on fire,Toronto police said a suspect on a motorcycle lit a sign on fire in front of a North York synagogue shortly before 3 a.m. Investigators treated the incident as a suspected hate-motivated offence.,elevated,False,,,Toronto Police Service,,,https://toronto.citynews.ca/2024/07/31/hate-motivated-arson-at-north-york-synagogue-jewish-school/,Same suspect was reported to have lit a sign on fire at a Jewish school less than 10 minutes later.
56,2024-08-03,Toronto,ON,Tiferet Israel Congregation,Unknown,sign damaged by fire,A pro-Israel sign was damaged by fire at Tiferet Israel.,critical,True,29-count TPS case including advocating genocide; wilful promotion of hatred; public incitement of hatred; five arson counts; mischief / mischief to cultural property; uttering threats; criminal harassment; firearms / prohibited weapons offences; and fraud / stolen-property related counts,"Ontario Court of Justice, 10 Armoury Street, Toronto (bail hearing March 17, 2025); subsequent Superior Court bail review reported",,,,https://thecjn.ca/news/allegedly-motivated-by-hatred/,
57,2024-08-15,Toronto,ON,Beth Tikvah Synagogue,Jewish institution,repeated vandalism / sign fires,Approximate month-only row capturing one of the repeated Beth Tikvah Toronto incidents described in later police reporting.,elevated,False,,,,,,https://thecjn.ca/news/toronto-police-seeking-a-suspect-involved-in-multiple-cases-of-synagogue-vandalism/,Approximate month-only row; exact day not public in snippet.
58,2024-08-15,Toronto,ON,Kehillat Shaarei Torah,Western civilian target,repeated broken windows / damage,Approximate month-only row capturing one of the repeated vandalism incidents at KST documented as part of an eight-incident sequence in 2024.,elevated,False,,,,,,https://thecjn.ca/news/toronto-police-seeking-a-suspect-involved-in-multiple-cases-of-synagogue-vandalism/,Approximate month-only row; exact day not public in snippet.
59,2024-08-21,Calgary,AB,House of Jacob-Mikveh Israel,Jewish institution,mass emailed bomb threat,Rabbi Nisan Andrews confirmed the synagogue received the bomb threat email.,watch,False,,,,,,https://edmonton.citynews.ca/2024/08/21/edmonton-synagogues-confirm-they-received-threats/,
60,2024-08-21,Calgary,AB,Temple B’nai Tikvah,Jewish community (general),mass emailed bomb threat,Rabbi Mark Glickman discussed the effect of the Aug. 21 bomb-threat email on Calgary Jewish community.,watch,False,,,,,,https://livewirecalgary.com/2024/08/21/anti-semitic-bomb-threats-target-calgaroys-jewish-community/,
61,2024-08-21,Edmonton,AB,Edmonton synagogue threat wave,,mass email threats,Synagogues in Edmonton received threats as part of nationwide email campaign.,watch,,,,,,,https://edmonton.citynews.ca/2024/08/21/edmonton-synagogues-confirm-they-received-threats/,
62,2024-08-21,Edmonton,AB,Edmonton synagogues cluster,Jewish institution,mass email cluster,Edmonton police received multiple reports from synagogues that they had received the bomb threat email.,watch,False,,,,,,https://edmonton.citynews.ca/2024/08/21/edmonton-synagogues-confirm-they-received-threats/,
63,2024-08-21,London,ON,Beth Tefilah Synagogue,Jewish institution,mass emailed bomb threat,CTV News London identified Beth Tefilah as a local synagogue impacted by the nationwide bomb threat wave.,watch,False,,,,,,https://www.ctvnews.ca/london/article/many-jewish-organizations-receive-identical-bomb-threats-across-canada-including-in-london-ont/,
64,2024-08-21,Montreal,QC,Adath Israel Poale Zedek Anshei Ozeroff,Western civilian target,mass emailed bomb threat,Publicly identified Montreal target in the Aug. 21 nationwide bomb threat wave.,elevated,False,,,,,,https://thecjn.ca/news/bomb-threat/,
65,2024-08-21,Montreal,QC,Beth Israel Beth Aaron Congregation,Western civilian target,mass emailed bomb threat,Publicly identified Montreal target in the Aug. 21 nationwide bomb threat wave.,elevated,False,,,,,,https://montreal.citynews.ca/2024/08/21/synagogues-list-targeting-jewish-institutions/,
66,2024-08-21,Montreal,QC,B'nai Brith Canada,Jewish organization,mass emailed bomb threat,B’nai Brith said its Montreal office was among the locations swept for explosives as a precaution.,elevated,False,,,,,,https://toronto.citynews.ca/2024/08/21/canada-jewish-hospitals-bomb-threats/,
67,2024-08-21,Montreal,QC,Congregation Beth Ora,Western civilian target,mass emailed bomb threat,Publicly identified Montreal target in the Aug. 21 nationwide bomb threat wave.,elevated,False,,,,,,https://montreal.citynews.ca/2024/08/21/synagogues-list-targeting-jewish-institutions/,
68,2024-08-21,Toronto,ON,Bathurst-Sheppard Jewish institutions cluster,Western civilian target,evacuation cluster,Toronto police evacuated buildings in the Bathurst and Sheppard area as a precaution after the mass email threat.,elevated,False,,,,,,https://thecjn.ca/news/bomb-threat/,
69,2024-08-21,Victoria,BC,Congregation Emanu-El,Jewish institution,mass emailed bomb threat,Victoria historic synagogue confirmed it also received the mass bomb threat email.,watch,False,,,,,,https://cheknews.ca/multiple-jewish-organizations-hospitals-across-canada-receive-identical-bomb-threats-1202954/,
70,2024-08-21,West Vancouver,BC,Congregation Har El,synagogue,mass emailed bomb threat,Congregation Har El confirmed receiving the bomb threat during the national wave.,watch,False,,,,,,https://vancouver.citynews.ca/2024/08/21/bnai-brith-bc-threats/,
71,2024-08-21,Winnipeg,MB,Winnipeg Jewish organizations bomb-threat wave,synagogues / community institutions,threatening emails to Jewish organizations,Winnipeg Police said several local Jewish organizations received threatening emails as part of a nationwide bomb-threat campaign directed at synagogues and Jewish institutions.,watch,False,,,Winnipeg Police Service / RCMP,,,https://www.winnipeg.ca/police/community/news-releases/2024-08-22-bomb-threats-investigation,Winnipeg-specific local impact row for the national Aug. 21 bomb threat wave.
72,2024-08-21,Winnipeg,MB,Winnipeg synagogues cluster,Jewish institution,mass email cluster,Several Winnipeg synagogues filed police reports after receiving the malicious threats.,watch,False,,,,,,https://winnipeg.citynews.ca/2024/08/21/jewish-federation-of-winnipeg-confirms-theyve-received-threats/,
73,2024-08-21,York Region,ON,York Region Jewish institutions cluster,multiple institutions,mass email cluster,York Regional Police said Jewish institutes within York Region were included in the mass threat.,watch,False,,,,,,https://toronto.citynews.ca/2024/08/21/canada-jewish-hospitals-bomb-threats/,
74,2024-08-22,National,Multiple,Canada-wide Jewish institutions bomb-threat wave (day 2),Jewish institution,continued bomb-threat wave,"The RCMP said a second day of bomb threats on Aug. 22 targeted synagogues, museums, malls, ports and art galleries across Canada.",watch,False,,,,,,https://toronto.citynews.ca/2024/08/22/rcmp-responding-to-more-bomb-threats-at-institutions-across-canada/,
75,2024-09-04,Ormstown,QC,Jewish citizens in the United States / Brooklyn Jewish center (Khan case),Jewish individuals,ISIS-linked mass-shooting plot,"RCMP arrested Muhammad Shahzeb Khan in Ormstown, Quebec, alleging he was planning a deadly attack targeting Jewish citizens in the United States. U.S. reporting later described the target as a Jewish center in Brooklyn around the Oct. 7 anniversary.",elevated,True,Attempting to leave Canada to commit an offence for a terrorist group; participating in the activities of a terrorist group; conspiracy to violate United States immigration law by entering or attempting to enter unlawfully,Superior Court of Justice in Montreal; later extradition proceedings,Royal Canadian Mounted Police (RCMP),,,https://www.grc.gc.ca/en/news/2024/male-wanted-the-arrested-ormstown ; https://www.reuters.com/world/pakistani-man-charged-over-alleged-new-york-city-plot-linked-islamic-state-2024-09-06/,Arrest occurred in Canada but the alleged target was in the United States; included because the arrest occurred in Canada and the target was Jewish.
76,2024-09-15,Toronto,ON,Beth Tikvah Synagogue,Jewish institution,repeated vandalism / sign fires,Approximate month-only row capturing one of the repeated Beth Tikvah Toronto incidents described in later police reporting.,elevated,False,,,,,,https://thecjn.ca/news/toronto-police-seeking-a-suspect-involved-in-multiple-cases-of-synagogue-vandalism/,Approximate month-only row; exact day not public in snippet.
77,2024-09-15,Toronto,ON,Kehillat Shaarei Torah,Western civilian target,repeated broken windows / damage,Approximate month-only row capturing one of the repeated vandalism incidents at KST documented as part of an eight-incident sequence in 2024.,elevated,False,,,,,,https://thecjn.ca/news/toronto-police-seeking-a-suspect-involved-in-multiple-cases-of-synagogue-vandalism/,Approximate month-only row; exact day not public in snippet.
78,2024-09-15,Winnipeg,MB,Unnamed Ashkenazi synagogue (North End Winnipeg),Jewish institution,swastika graffiti on synagogue wall,Part of a broader Winnipeg antisemitic graffiti spree that included around 100 tags between September and December 2024.,elevated,True,"Initial Winnipeg Police case: 26 counts of mischief under $5,000. Later RCMP national-security case: facilitating terrorist activity; participation in activity of a terrorist group; commission of an offence for a terrorist group (two counts)",Winnipeg Provincial Court / Winnipeg Remand Centre context,,,,https://thecjn.ca/news/maniac-murder-cult/,
79,2024-09-25,Montreal,QC,Concordia walkout with antisemitic graffiti and security assault,campus / Jewish community impact,antisemitic graffiti and assault on security during walkout,"Concordia reported that on Sept. 25, 2024, protesters blocked traffic, one security agent was assaulted while stopping vandalism in a tunnel, and antisemitic graffiti occurred during the walkout. SPVM arrested three protesters for criminal acts.",elevated,True,Criminal-act arrests reported; exact charges not specified in campus summary,,SPVM / Concordia Campus Safety and Prevention Services,,,https://www.concordia.ca/cunews/main/incidents/2024/student-walkout-demonstration.html,University described the criminal acts and antisemitic graffiti as unacceptable.
80,2024-10-02,Montreal,QC,Montreal synagogues (pre-Rosh Hashanah plot row),Jewish institution,incendiary-device arrests,Jewish leaders cited arrests of several people allegedly in possession of an incendiary device in front of synagogues a few hours before Rosh Hashanah.,watch,False,,,,,,https://thecjn.ca/news/montreal-hate-crimes/,
81,2024-10-07,Vancouver,BC,Vancouver Art Gallery Oct 7 rally terror group chants,,chants supporting Hamas and Hezbollah,Speaker said 'we are Hezbollah and we are Hamas' at rally marking Oct 7 anniversary.,low,,,,,,,https://globalnews.ca/news/10800899/political-party-leaders-condemn-hateful-rhetoric-at-b-c-protest/,
82,2024-10-12,Toronto,ON,Bais Chaya Mushka Elementary School,Jewish institution,"second shooting, on Yom Kippur",The school was targeted again by gunfire on Yom Kippur.,critical,True,"Helder Antonio De Ameida: 11 firearms offences. Youth: firearms offences, possession of property obtained by crime, failing to comply with release orders",Toronto / Ontario (exact court location not specified in source used),Toronto Police Service,,,https://thecjn.ca/news/bais-chaya-mushka-2/,
83,2024-10-15,Toronto,ON,Kehillat Shaarei Torah,Western civilian target,repeated broken windows / damage,Approximate month-only row capturing one of the repeated vandalism incidents at KST documented as part of an eight-incident sequence in 2024.,elevated,False,,,,,,https://thecjn.ca/news/toronto-police-seeking-a-suspect-involved-in-multiple-cases-of-synagogue-vandalism/,Approximate month-only row; exact day not public in snippet.
84,2024-10-15,Winnipeg,MB,Westdale Community Centre,Unknown,M.K.Y. graffiti,Police later tied M.K.Y. antisemitic graffiti at Westdale Community Centre to a terrorism-related case.,elevated,True,"Initial Winnipeg Police case: 26 counts of mischief under $5,000. Later RCMP national-security case: facilitating terrorist activity; participation in activity of a terrorist group; commission of an offence for a terrorist group (two counts)",Winnipeg Provincial Court / Winnipeg Remand Centre context,,,,https://thecjn.ca/news/maniac-murder-cult/,
85,2024-10-27,Uxbridge,ON,St. Joseph Catholic School anti-Jewish graffiti,public school / anti-Jewish messaging,anti-Jewish graffiti on school grounds,"Anti-Semitic graffiti was discovered at St. Joseph Catholic School in Uxbridge. The site itself was not Jewish, but the messaging explicitly targeted Jews and was investigated by police.",low,False,,,,,,https://toronto.citynews.ca/2024/10/31/anti-semitic-graffiti-uxbridge-school/,"Not a Jewish institution, but a direct anti-Jewish hate incident."
86,2024-10-31,Calgary,AB,University of Calgary lecture with Jewish students,campus,students trapped by protest crowd,Jewish students reportedly had to leave a lecture through a back door after protesters blocked normal egress.,watch,False,,,,,,https://thecjn.ca/news/,Exact CJN article URL not captured; base URL used.
87,2024-11-05,Montreal,QC,Shaar Hashomayim Synagogue area,Jewish institution,masked protest violating buffer zone,Masked protesters gathered outside Montreal Shaar Hashomayim in defiance of the city protest buffer rules.,watch,False,,,,,,https://thecjn.ca/news/montreal-hate-crimes/,
88,2024-11-15,Toronto,ON,Kehillat Shaarei Torah,Western civilian target,repeated broken windows / damage,Approximate month-only row capturing one of the repeated vandalism incidents at KST documented as part of an eight-incident sequence in 2024.,elevated,False,,,,,,https://thecjn.ca/news/toronto-police-seeking-a-suspect-involved-in-multiple-cases-of-synagogue-vandalism/,Approximate month-only row; exact day not public in snippet.
89,2024-11-21,Montreal,QC,Concordia Henry F. Hall forced-entry protest with antisemitic hate-related speech,campus / Jewish community impact,"forced entry, graffiti, damage, antisemitic hate-related speech and gestures","Concordia said protesters pushed campus agents to force entry into the Hall building, left graffiti, damaged doors, and the university received reports of criminal acts including antisemitic hate-related speech and gestures.",watch,False,,,SPVM / Concordia Campus Safety and Prevention Services,,,https://www.concordia.ca/cunews/main/incidents/2024/november-21-incident.html,University said it was assessing criminal acts and code violations.
90,2024-12-02,Toronto,ON,Bayview and York Mills synagogue sign vandalism,synagogue,front-lawn synagogue sign vandalized,Toronto Police said a suspect attended a synagogue in the Bayview Avenue and York Mills Road area and vandalized signs on the front lawn before fleeing in a pickup truck.,elevated,False,,,Toronto Police Service,2025-1030357,,https://www.tps.ca/media-centre/news-releases/suspected-hate-motivated-mischief-investigation-17/,"TPS later connected this incident to Dec. 20, 2024 and May 18, 2025 mischiefs."
91,2024-12-10,Toronto,ON,Cafe Landwer,Unknown,window shattered,A window was shattered at the North York branch of the Israeli-founded cafe.,critical,True,29-count TPS case including advocating genocide; wilful promotion of hatred; public incitement of hatred; five arson counts; mischief / mischief to cultural property; uttering threats; criminal harassment; firearms / prohibited weapons offences; and fraud / stolen-property related counts,"Ontario Court of Justice, 10 Armoury Street, Toronto (bail hearing March 17, 2025); subsequent Superior Court bail review reported",,,,https://thecjn.ca/news/allegedly-motivated-by-hatred/,
92,2024-12-11,Rivière-du-Loup,QC,Online hate speech targeting Jewish communities (Rivière-du-Loup case),,online hate propaganda,RCMP arrested suspect after hundreds of antisemitic messages online.,low,True,,,,,,https://rcmp.ca/en/news/2024/12/hate-speech-social-networks-individual-charged,
93,2024-12-15,Toronto,ON,Kehillat Shaarei Torah,Western civilian target,repeated broken windows / damage,Approximate month-only row capturing one of the repeated vandalism incidents at KST documented as part of an eight-incident sequence in 2024.,elevated,False,,,,,,https://thecjn.ca/news/toronto-police-seeking-a-suspect-involved-in-multiple-cases-of-synagogue-vandalism/,Approximate month-only row; exact day not public in snippet.
94,2024-12-18,Montreal,QC,Congregation Beth Tikvah,Jewish institution,second firebombing / incendiary device,"The Dollard-des-Ormeaux synagogue was again targeted by an incendiary device, the second such attack since Oct. 7.",elevated,True,Two arson-related charges; two counts of attempted arson; one count of destruction of property; one count of possession of incendiary material,Quebec Court / Montreal courthouse,,,,https://apnews.com/article/49a8dace464e0b83def53ed21725bbe0,
95,2024-12-18,Montreal,QC,Federation CJA - West Island office,community organization,windows smashed during linked attack,Windows at the nearby Federation office were smashed during the same overnight attack as Beth Tikvah.,elevated,True,Two arson-related charges; two counts of attempted arson; one count of destruction of property; one count of possession of incendiary material,Quebec Court / Montreal courthouse,,,,https://apnews.com/article/49a8dace464e0b83def53ed21725bbe0,
96,2024-12-18,Saskatoon,SK,Online antisemitic comments case with firearm seizure (Saskatoon),Jewish community (general),public incitement of hatred and later wilful promotion of anti-Semitism,"Saskatoon Police said an investigation into anti-Semitic comments online led to the arrest of a 45-year-old man, a firearm seizure, and charges including public incitement of hatred. In January 2026, additional charges of wilful promotion of hatred and wilful promotion of anti-Semitism were authorized.",elevated,True,Public incitement of hatred; wilful promotion of hatred; wilful promotion of anti-Semitism; unsafe storage of a firearm,"Provincial Court, Saskatoon (Court Info # 991325016)",Saskatoon Police Service,24-69356,,https://saskatoonpolice.ca/news/202618,"SPS release says the original charge was laid Dec. 18, 2025, based on a 2024 complaint, with later anti-Semitism-specific charges approved in Jan. 2026."
97,2024-12-20,Toronto,ON,Bais Chaya Mushka Elementary School,Jewish institution,third shooting,Gunfire struck the school for the third time in seven months.,elevated,False,,,,,,https://thecjn.ca/news/shots-fired-at-bais-chaya-mushka-girls-school-for-the-third-time-this-year/,
98,2024-12-20,Toronto,ON,Bayview and York Mills synagogue sign vandalism,synagogue,repeat vandalism of synagogue sign,"Toronto Police reported a repeat mischief at the same synagogue in the Bayview Avenue and York Mills Road area on Dec. 20, 2024, involving vandalism to signs on the front lawn.",elevated,False,,,Toronto Police Service,2025-1030357,,https://www.tps.ca/media-centre/news-releases/suspected-hate-motivated-mischief-investigation-17/,Linked by TPS to the same pickup truck / suspect pattern.
99,2025-01-02,Toronto,ON,Flyers promoting hatred against Jewish community (Bloor and Lansdowne area),Jewish community (general),dissemination of flyers promoting hatred against Jewish community,"Toronto Police said flyers promoting hatred against members of the Jewish community were distributed in the Bloor Street West and Lansdowne Avenue area. After obtaining Attorney General consent, police charged Oliver Couto with wilful promotion of hatred.",watch,True,Wilful Promotion of Hatred,"Ontario Court of Justice, 10 Armoury Street, Toronto",Toronto Police Service,2025-13185,,https://www.tps.ca/media-centre/news-releases/man-charged-in-wilful-promotion-of-hatred-investig/,"Police received the hate-crime call on Jan. 2, 2025; charge announced Dec. 16, 2025."
100,2025-01-10,Markham,ON,La Briut office (Markham),business,break-in with antisemitic graffiti,"Two suspects allegedly broke into La Briut's Markham office, caused significant damage, and left antisemitic graffiti including anti-Jewish and anti-Israel slogans.",watch,False,,,York Regional Police,,,https://www.cp24.com/news/2025/01/14/2-suspects-wanted-after-markham-business-vandalized-and-tagged-with-antisemitic-graffiti-during-robbery-police/ ; https://www.fswc.ca/news/jewish-owned-business-targeted-with-antisemitic-vandalism-and-break-in-in-toronto-and-nearby-markham ; https://www.jewishtoronto.com/news-media/jsn-security-update-hate-crime-targeting-kosher-business,York Regional Police reportedly treated the matter as a hate-motivated incident.
101,2025-01-12,Toronto,ON,La Briut restaurant (North York),business,restaurant break-in and property theft,"A second incident targeted La Briut, this time at its restaurant in North York, where the front door was shattered and property stolen in an overnight break-in.",watch,False,,,Toronto Police Service,,,https://www.fswc.ca/news/jewish-owned-business-targeted-with-antisemitic-vandalism-and-break-in-in-toronto-and-nearby-markham ; https://www.jewishtoronto.com/news-media/jsn-security-update-hate-crime-targeting-kosher-business,"The exact overnight timing was reported generically as 'last night' in Jan. 13 coverage; row dated conservatively to Jan. 12, 2025."
102,2025-01-15,Toronto,ON,Healthy Moms Market,business,anti-Israel stickers on storefront,"Healthy Moms Market, a Jewish-owned business in Toronto's Junction area, was plastered with anti-Israel stickers in mid-January. Toronto police later said both the January and March incidents were active hate-crime investigations.",elevated,False,,,Toronto Police Service,,,https://thecjn.ca/news/healthy-moms-market/,The first incident was described as occurring in mid-January; exact day not specified in the source used.
103,2025-02-16,Montreal,QC,Temple Emanu-El-Beth Sholom,synagogue,swastika painted on building,A two-foot-wide swastika was spray-painted on the side of Temple Emanu-El Beth Sholom on Shabbat.,watch,False,,,,,,https://thecjn.ca/news/rabbi-lisa-grushcow/,
104,2025-03-22,Waterloo / Guelph,ON,Hillel Ontario,campus organization,more than 100 violent messages,Hillel Ontario received more than 100 violent threats targeting Jewish students through its online form in a single day.,watch,True,Uttering threats to cause death or bodily harm,Waterloo Region / Ontario youth court (exact courthouse not specified in source used),,,,https://thecjn.ca/news/hillel-ontario-threats/,
105,2025-03-31,Toronto,ON,Healthy Moms Market,business,repeat sticker vandalism on storefront,"The Jewish-owned Healthy Moms Market was plastered again with anti-Israel stickers on March 31, 2025. Toronto police's hate crimes unit was reported to be investigating.",elevated,False,,,Toronto Police Service,,,https://thecjn.ca/news/healthy-moms-market/,Second stickering incident in roughly two months.
106,2025-04-10,Montreal,QC,Azrieli Institute of Israel Studies vandalism (Concordia),campus institute,"spraypaint, broken window, targeted institute offices","Five masked individuals entered the ER Building and spray-painted the doors of the Azrieli Institute of Israel Studies, spray-painted a security camera, and broke a window. Concordia and the president described the act as antisemitic vandalism; SPVM's hate crime unit investigated.",watch,False,,,SPVM / Concordia Campus Safety and Prevention Services,,,https://www.concordia.ca/cunews/main/incidents/2025/april-10-vandalism-at-er-building.html ; https://www.concordia.ca/cunews/main/stories/2025/04/11/condemning-antisemitic-vandalism-targeting-concordia.html,Concordia president said social-media posts the next morning celebrated the incident and targeted a faculty member.
107,2025-04-25,Toronto,ON,Ontario man under terrorism peace bond for attempt to join terrorist group,Western civilian target,peace bond proceeding tied to alleged attempt to leave Canada to join terrorist group,RCMP Central Region said a 32-year-old Ontario man was arrested and brought before the Ontario Court of Justice in Brampton after authorities obtained consent to start terrorism peace-bond proceedings. RCMP said he was allegedly attempting to leave Canada to join a terrorist group.,elevated,True,Terrorism peace bond proceedings under section 810.011; alleged attempted departure from Canada to join a terrorist group,"Ontario Court of Justice, Brampton",Royal Canadian Mounted Police (RCMP),,,https://www.rcmp-grc.gc.ca/en/news/2025/man-arrested-terrorism-peace-bond-provisions,RCMP did not publicly identify the suspect because a section 517 publication ban was in place and did not name the terrorist group.
108,2025-05-11,Toronto,ON,Walk With Israel sign vandalism,community event,event sign defaced,A Walk With Israel sign in Toronto was vandalized ahead of the annual UJA event. Jewish community organizations described it as an antisemitic act of intimidation.,watch,False,,,,,,https://thej.ca/2025/05/11/uja-federation-vows-unity-after-walk-with-israel-sign-vandalized-in-antisemitic-attack/,Event-related intimidation / vandalism row.
109,2025-05-14,Toronto,ON,Cafe Landwer,business,smoke flare at cafe protest,"During a Nakba Day protest, a man allegedly ignited a smoke flare near patrons dining outside Cafe Landwer; one arrest followed.",watch,True,"Mischief - obstruct / interrupt / interfere with the lawful use, enjoyment, or operation of property","Ontario Court of Justice, 10 Armoury Street, Toronto",,,,https://thecjn.ca/news/man-arrested-after-setting-off-smoke-flare-at-toronto-cafe/,
110,2025-05-18,Toronto,ON,Beth Tikvah Synagogue,Jewish institution,antisemitic stickers / postering,Beth Tikvah Toronto was among three Jewish institutions hit by antisemitic stickers in mid-May 2025.,elevated,False,,,,,,https://thecjn.ca/news/toronto-police-seeking-a-suspect-involved-in-multiple-cases-of-synagogue-vandalism/,
111,2025-05-18,Toronto,ON,Chabad on Bayview,religious institution,antisemitic stickers / postering,A Chabad site on Bayview was also hit by antisemitic stickers in the same spate.,watch,False,,,,,,https://thecjn.ca/news/toronto-police-seeking-a-suspect-involved-in-multiple-cases-of-synagogue-vandalism/,
112,2025-05-18,Toronto,ON,Kehillat Shaarei Torah,synagogue,antisemitic stickers / postering,KST was among three Jewish institutions hit by antisemitic stickers in mid-May 2025.,elevated,False,,,,,,https://thecjn.ca/news/toronto-police-seeking-a-suspect-involved-in-multiple-cases-of-synagogue-vandalism/,
113,2025-05-18,Toronto,ON,Three Bayview synagogues vandalized in one spree,synagogues,suspect vandalized signs and building exteriors of three synagogues,Toronto Police said a suspect attended three separate synagogues along Bayview Avenue and vandalized signs on the front lawn and the building of all three synagogues.,watch,False,,,Toronto Police Service,2025-1030357,,https://www.tps.ca/media-centre/news-releases/suspected-hate-motivated-mischief-investigation-17/,TPS sought public assistance identifying the suspect in May 2025.
114,2025-05-21,Winnipeg,MB,Online hate propaganda targeting Jewish community (Ballingall case),,online hate propaganda,RCMP charged Donovan MacKenzie Ballingall with wilful promotion of hatred.,low,True,,,,,,https://rcmp.ca/en/news/2025/05/winnipeg-resident-charged-hate-propaganda-offences,
115,2025-06-09,Ottawa,ON,National Holocaust Monument,monument / memorial,red paint defacement on monument,The National Holocaust Monument in Ottawa was defaced with red paint in 2025 in what police described as a hate‑motivated incident targeting a Holocaust memorial.,low,True,"Mischief to a war memorial; mischief exceeding $5,000; harassment by threatening conduct","Ottawa court proceedings; charged June 28, 2025, with later sentencing proceedings in Ottawa",Ottawa Police Service,,,,Police investigated the vandalism as a hate‑motivated incident.
116,2025-07-30,Sydney,NS,Hebrew Cemetery on Lingan Road,,swastikas painted nearby,Swastikas painted near Jewish cemetery in Whitney Pier.,low,,,,,,,https://globalnews.ca/news/11311975/cape-breton-police-investigate-swastikas-near-jewish-cemetery/,
117,2025-08-02,Victoria,BC,Congregation Emanu-El,Jewish institution,extensive antisemitic graffiti at entrance,Members arriving for Shabbat and a bar mitzvah found a lengthy hateful antisemitic message painted between the synagogue doors.,watch,False,,,,,,https://thecjn.ca/news/victoria-synagogue-vandalized-with-antisemitic-graffiti-ahead-of-tisha-bav/,
118,2025-08-08,Montreal,QC,Jewish father assaulted in park (Dickie Moore Park),individual,assault causing bodily harm,"A 32-year-old Jewish father was assaulted in a Montreal park in front of his children. Public reporting said the attacker sprayed the victim with water, pushed him to the ground, punched and kneed him, and threw the victim’s kippah into a splash pad.",elevated,True,Assault causing bodily harm,Quebec Court / Montreal courthouse; later Mental Disorders Examination Commission process,Service de police de la Ville de Montréal (SPVM),,,https://montreal.citynews.ca/2025/08/09/jewish-man-assaulted-in-front-of-children-at-montreal-park-police-investigating/ ; https://montreal.citynews.ca/2025/08/11/arrest-jewish-father-assault-park/ ; https://www.fswc.ca/news/fswc-calls-for-justice-to-be-served-in-case-of-odious-assault-on-jewish-man-in-montreal,Later reporting said Sergio Yanes Preciado was found not criminally responsible because of mental illness; prosecutors said it was unlikely motivated by hate.
119,2025-08-20,Montréal,QC,Montréal minor allegedly planning Islamic State attack,Unknown,minor arrested over alleged attack on behalf of Islamic State,RCMP Federal Policing Eastern Region arrested a young Montréal man and said he intended to carry out at least one attack on behalf of the Islamic State. RCMP said he had also allegedly posted threatening comments on social media.,watch,True,"Providing, making available, etc., property or services for terrorist purposes; participation in activity of terrorist group; facilitating terrorist activity",Youth Division of the Court of Québec,Royal Canadian Mounted Police (RCMP),,,https://rcmp.ca/en/news/2025/08/minor-arrested-and-charged-terrorism-offences,"RCMP did not identify a Jewish target, but explicitly said the alleged intended attack was on behalf of Islamic State."
120,2025-08-27,Ottawa,ON,Jewish woman stabbed at Loblaws College Square,individual,aggravated assault with weapon,Ottawa police said a Jewish woman in her 70s was stabbed in the torso in an unprovoked attack inside the Loblaws at College Square and later determined that the incident was hate-motivated. The victim was treated in hospital and released.,watch,True,Aggravated assault; possessing a dangerous weapon,Ontario proceedings / Ottawa,Ottawa Police Service,,,https://www.ottawapolice.ca/en/news/one-person-arrested-in-baseline-rd-stabbing.aspx ; https://ottawa.citynews.ca/2025/08/29/ottawa-grocery-store-woman-stabbed-hate-crime-doug-ford/,OPS said the case was considered hate-motivated after further investigation and increased patrols near areas of significance to the Jewish community.
121,2025-09-14,Halifax,NS,Beth Israel Synagogue,,antisemitic graffiti,Part of coordinated graffiti attacks on Halifax Jewish institutions.,low,,,,,,,https://www.halifax.ca/home/news/charges-laid-hate-crimes,
122,2025-09-14,Halifax,NS,Chabad Lubavitch of the Maritimes Rohr Family Institute,,antisemitic graffiti,Part of coordinated graffiti attacks on Halifax Jewish institutions.,low,,,,,,,https://www.halifax.ca/home/news/charges-laid-hate-crimes,
123,2025-09-14,Halifax,NS,Shaar Shalom Congregation,,antisemitic graffiti,Part of coordinated graffiti attacks on Halifax Jewish institutions.,low,,,,,,,https://www.halifax.ca/home/news/charges-laid-hate-crimes,
124,2025-09-27,Toronto,ON,Bathurst and Baycrest suspected hate-motivated assault,individual,assault from moving vehicle with anti-Jewish slurs,"Toronto Police said a victim identifiable as Jewish was assaulted by a passenger in a moving vehicle, while racial slurs were directed at the victim. The investigation was treated as a suspected hate-motivated offence.",elevated,True,Assault,"Ontario Court of Justice, 10 Armoury Street, Toronto",Toronto Police Service,2025-2035301,,https://www.tps.ca/media-centre/news-releases/64575/,"TPS announced arrest on Nov. 14, 2025."
125,2025-10-07,Montreal,QC,Concordia Oct. 7 protest rock-throwing incident,campus / Jewish community impact,rocks thrown at university buildings during Oct. 7 protest,"Concordia reported that during a large pro-Palestinian demonstration on Oct. 7, 2025, several rocks were thrown at the LB and EV buildings, damaging two windows of the EV building.",watch,False,,,SPVM / Concordia Campus Safety and Prevention Services,,,https://www.concordia.ca/cunews/main/incidents/2025/october-7-protest-.html,Event occurred on the Oct. 7 anniversary amid heightened campus security measures.
126,2025-11-04,Newmarket,ON,Ontario youth arrested over ISIS propaganda and firearms-solicitation case,Western civilian target,youth arrested for ISIS propaganda videos and inviting provision of firearms,"RCMP said officers arrested a youth on Nov. 4, 2025 and later announced the case on Nov. 25. The youth was charged with participating in the activities of a terrorist group by editing and publicly posting ISIS propaganda videos and with inviting a person to provide firearms for the purpose of facilitating or carrying out terrorist activity.",critical,True,"Participating in the activities of a terrorist group by editing and public posting of ISIS propaganda videos; inviting a person to provide property, namely firearms, intending that they be used to facilitate or carry out terrorist activity",Ontario youth proceedings (specific courthouse not named in RCMP release),Royal Canadian Mounted Police (RCMP),,,https://rcmp.ca/en/news/2025/11/4347832,"RCMP did not identify a Jewish target, but explicitly tied the case to ISIS propaganda and attempted firearms facilitation."
127,2025-11-04,Toronto,ON,Kehillat Shaarei Torah,synagogue,four windows smashed (10th incident),KST reported four smashed windows in what leaders described as the congregation tenth incident in roughly 1.5 years.,elevated,False,,,,,,https://toronto.citynews.ca/,Exact CityNews article URL not captured; base URL used.
128,2025-11-05,Toronto,ON,Students Supporting Israel at TMU off-campus event,Western civilian target,"forcible entry, broken glass, injury, six arrests","A private off-campus event organized by Students Supporting Israel at Toronto Metropolitan University was stormed by demonstrators near Bay and Elm streets. Police said protesters forced entry, damaged property and caused attendees to fear for their safety; one person was injured by broken glass. Five people were arrested initially and police later announced a sixth arrest.",watch,True,"Baiton and Alexis: forcible entry, member of unlawful assembly, obstruct peace officer; Mugni: forcible entry, member of unlawful assembly; Wu: obstruct peace officer, assault peace officer; Kamran: obstruct peace officer; Ibrahim: forcible entry, mischief damage property under $5,000, assault, member of unlawful assembly while masked, mischief interfere with property under $5,000","Ontario Court of Justice, 10 Armoury Street, Toronto (first five); Toronto Regional Bail Centre, 2201 Finch Avenue West, Toronto (Qabil Ibrahim)",Toronto Police Service,2025-2324667,,https://toronto.citynews.ca/2025/11/05/multiple-arrests-made-after-group-of-demonstrators-force-their-way-into-building-downtown/ ; https://www.tps.ca/media-centre/news-releases/64555/,CityNews linked the event to Students Supporting Israel at TMU and reported one injury; TPS later detailed a sixth arrest.
129,2025-11-12,Toronto,ON,Dundas/Royal York overpass anti-rabbi incitement graffiti,public space / anti-Jewish incitement,public graffiti calling to kill a rabbi,Graffiti reading 'Save a child = Kill a Rabbi' appeared on the Dundas Street overpass at Royal York Road in Toronto. Reporting and community reaction framed it as an explicit incitement to violence against Jews.,watch,False,,,,,,https://thej.ca/2025/11/17/hate-graffiti-in-toronto-demands-kill-a-rabbi-jewish-community-outraged/,"Source said the graffiti appeared on or about Nov. 12, 2025; police confirmation of an investigation was not publicly available in the source used."
130,2025-11-16,Montreal,QC,Concordia bathroom stall 'Kill the Jews' graffiti,campus / anti-Jewish incitement,explicit call to kill Jews with additional religious slogan,"B’nai Brith and National Post/JNS reported that 'Kill the Jews' was scrawled inside a Concordia bathroom stall, alongside 'Allahu Akbar.' Concordia said the vandalism was categorically unacceptable.",watch,False,,,,,,https://www.bnaibrith.ca/kill-the-jews-graffiti-found-on-concordia-bathroom-stall-national-post/,Added as a discrete campus anti-Jewish incitement incident.
131,2025-11-21,Toronto,ON,YCDSB teacher antisemitic violent-posting complaint,school system / anti-Jewish incitement,explicit antisemitic and violent statements attributed to school-board teacher account,"B’nai Brith Canada said it filed a complaint with the York Catholic District School Board after investigating a fake social-media account allegedly linked to an emergency supply teacher that posted explicit antisemitic and violent statements, including support for resisting Zionists by any means necessary and language targeting Jews collectively.",elevated,False,,,,,,https://www.bnaibrith.ca/bnai-brith-canada-exposes-ycdsb-teacher-who-spread-antisemitism/,Added as a latent incident from community-source reporting; represents anti-Jewish incitement within education context.
132,2025-11-26,Toronto,ON,Members of the Jewish community in the GTA (Waleed Khan case),Jewish community (general),ISIS-support and murder-conspiracy case linked to Jewish-community targeting,"RCMP arrested Waleed Khan on terrorism charges tied to ISIS. Parallel police reporting said Khan and two other men had also been arrested for offences targeting women and members of the Jewish community, with searches yielding firearms, ammunition, and high-capacity magazines.",critical,True,Providing property to fund or benefit ISIS; providing social media accounts to benefit ISIS; participating in the activities of a terrorist group; making himself available to facilitate or commit a terrorism offence; facilitating terrorist activity; conspiracy to commit murder for the benefit of / in association with a terrorist group; conspiracy to commit murder,Ontario court proceedings (specific courthouse not publicly stated in RCMP release); section 517 publication ban in place,Royal Canadian Mounted Police (RCMP),,,https://rcmp.ca/en/news/2025/12/4348591 ; https://apnews.com/article/toronto-terror-arrest-failed-kidnappings-3af99df7327323e5b9b434a670c77acf,"The RCMP terrorism release did not specify a Jewish target, but AP and police statements said the linked investigation involved offences targeting women and members of the Jewish community."
133,2025-12-19,Edmonton,AB,Niagara Jewish community threat traced to Edmonton,,threat messages,Amjad Jaradat arrested after threats to Jewish community.,low,True,,,,,,https://edmonton.citynews.ca/2026/01/12/edmonton-threat-ontario-jewish-community-online/,
134,2025-12-19,Toronto,ON,Project Neapolitan hate-motivated extremism case targeting Jewish community,,hate-motivated extremism investigation,Joint TPS/PRP investigation involving targeting of women and members of the Jewish community.,watch,True,,,,,,https://www.tps.ca/media-centre/news-releases/project-neapolitan-police-arrest-three-and-lay-se/,
135,2025-12-19,Toronto,ON,Toronto Western Hospital antisemitic graffiti,public institution / anti-Jewish messaging,antisemitic graffiti in hospital washroom,Antisemitic graffiti was discovered in a washroom at Toronto Western Hospital. Reporting framed the incident as part of the broader anti-Jewish threat environment in public institutions.,watch,False,,,,,,https://thej.ca/2025/12/19/antisemitic-graffiti-discovered-inside-toronto-hospital-washroom-sparks-outrage-and-fear/,Police confirmation of an investigation was not publicly available in the source used.
136,2025-12-20,Edmonton,AB,Jewish community threat by Esteban Pavez,,extremist threats,RCMP arrested Esteban Pavez for threats toward Jewish community.,low,True,,,,,,https://rcmp.ca/en/news/2026/01/4349246,
137,2025-12-20,Toronto,ON,Indigo Eaton Centre,business,organized mass returns to disrupt operations,More than 100 pro-Palestine protesters returned children’s books en masse at Indigo’s Eaton Centre location in an effort to slow operations and economically pressure the company over CEO Heather Reisman’s charity ties.,watch,False,,,,,,https://www.torontotoday.ca/local/business-economy/palestine-protest-indigo-book-return-eaton-centre-11653605,This row records an organized economic-disruption action rather than vandalism.
138,2025-12-23,Charlottetown,PE,PEI promotion of hatred toward Jews case (Runighan),,online hate propaganda,RCMP laid promotion-of-hatred charges toward Jews in PEI investigation.,low,True,,,,,,https://rcmp.ca/en/pei/news/2025/12/4348797,
139,2025-12-26,Toronto,ON,Toronto Eaton Centre Boxing Day protest,community target,mall protest with anti-Israel chants during Boxing Day shopping,"Demonstrators moved through the Toronto Eaton Centre during Boxing Day shopping, chanting slogans including calls for 'intifada' according to reporting. Toronto police said there were no arrests and the protesters exited without incident.",watch,False,,,Toronto Police Service,,,https://www.jns.org/protesters-demand-intifada-at-toronto-mall/ ; https://thej.ca/2025/12/27/pro-palestinian-demonstrators-disrupt-boxing-day-shopping-at-toronto-eaton-centre/,"Public reporting did not indicate arrests or injuries, but the protest is relevant as a mass intimidation / disruption incident during a peak shopping period."
140,2026-01-02,Winnipeg,MB,Shaarey Zedek,Jewish institution,swastikas spray-painted on front doors,Multiple swastikas and a hate message were painted on the synagogue front doors.,low,False,,,,,,https://thecjn.ca/news/we-need-people-to-come-forward-police-update-winnipeg-synagogues-antisemitic-graffiti-case/,
141,2026-01-02,Winnipeg,MB,Shaarey Zedek Synagogue graffiti spree (Oliver Didtger Ederhof case),,spray‑paint hate graffiti,"Winnipeg police arrested Oliver Didtger Ederhof after a graffiti spree affecting a synagogue, mosque, and other locations.",low,True,Mischief under $5000 (multiple counts),Manitoba court,,,,https://www.winnipegfreepress.com/breakingnews/2026/01/09/police-make-arrest-in-hate-graffiti,
142,2026-01-06,Winnipeg,MB,Kelvin High School,Jewish institution,swastikas and antisemitic vandalism,Kelvin High School was hit with antisemitic graffiti shortly after the Shaarey Zedek incident.,low,False,,,,,,https://winnipeg.citynews.ca/,Exact article URL not captured; base URL used.
143,2026-01-10,Winnipeg,MB,Grant Park High School,Jewish institution,swastika inside classroom,Grant Park High School also reported a classroom swastika during the same January 2026 spike.,low,False,,,,,,https://winnipeg.citynews.ca/,Exact article URL not captured; base URL used.
144,2026-01-22,Newmarket,ON,York Region Jewish institutions indecent communications case,,indecent communications to synagogues and Jewish schools,"York Regional Police charged a 14-year-old after hate‑motivated communications directed at synagogues, community centres, and Jewish schools.",watch,True,Mischief relating to religious property; indecent communications,Ontario youth court,,,,https://www.winnipegfreepress.com/canada/2026/01/22/teen-charged-after-hate-motivated-incidents-targeting-jewish-community-york-police,
145,2026-02-04,Montreal,QC,Maestro SVP,business,antisemitic slur and Star of David on front window,Owner Ilene Polansky found an antisemitic message—'You f***ing Jew' alongside a Star of David—written on the front window of her Montreal seafood restaurant. She told media she filed a report with SPVM’s hate-crimes division.,watch,False,,,Service de police de la Ville de Montréal (SPVM),,,https://ca.news.yahoo.com/brownstein-maestro-svp-targeted-antisemitic-204919831.html ; https://montreal.citynews.ca/video/2026/02/05/antisemitic-message-written-on-montreal-restaurant-run-by-jewish-woman/,"Date inferred from reporting that the graffiti was found the previous Wednesday and from CityNews video dated Feb. 5, 2026."
146,2026-03-02,Winnipeg,MB,Threats to Jewish persons (Jason Paul Rindall case),,death threats / incitement,RCMP charged suspect with uttering threats to Jewish persons.,low,True,,,,,,https://rcmp.ca/en/news/2026/03/4350769,
147,2026-03-03,Toronto,ON,Temple Emanu-El,synagogue,shots fired into synagogue,Gunfire struck Temple Emanu-El in North York; bullet holes were found in the front windows and the hate crime unit joined the investigation.,elevated,False,,,Toronto Police Service,2026-451766,,https://toronto.citynews.ca/2026/03/03/north-york-shooting-synagogue-police-old-colony-road/,
148,2026-03-04,Montreal,QC,Gourmetti,business,swastika graffiti on storefront,Montreal police were called around 3 a.m. after swastika graffiti was reported on three neighbouring Jewish-owned businesses on St-Louis Street in Saint-Laurent. One of the named businesses was the Italian kosher restaurant Gourmetti.,watch,False,,,Service de police de la Ville de Montréal (SPVM),,,https://ca.news.yahoo.com/swastikas-spray-painted-three-neighbouring-123219578.html ; https://www.jns.org/advocacy-groups-urge-govt-action-after-montreal-jewish-businesses-vandalized-with-swastikas/,Police spokesperson said the case was referred to the hate-crimes unit.
149,2026-03-04,Montreal,QC,Unnamed Jewish-owned butcher shop (St-Louis St.),Western civilian target,swastika graffiti on storefront,The Saint-Laurent graffiti incident also involved a neighbouring Jewish-owned butcher shop on St-Louis Street. Police said officers found hate-related graffiti on the butcher shop and adjacent businesses after the initial call about the pharmacy.,watch,False,,,Service de police de la Ville de Montréal (SPVM),,,https://ca.news.yahoo.com/swastikas-spray-painted-three-neighbouring-123219578.html ; https://www.jns.org/advocacy-groups-urge-govt-action-after-montreal-jewish-businesses-vandalized-with-swastikas/,Public reporting did not identify the butcher shop by name.
150,2026-03-04,Montreal,QC,Unnamed Jewish-owned pharmacy (St-Louis St.),Western civilian target,swastika graffiti on storefront,The same Saint-Laurent graffiti incident involved a Jewish-owned pharmacy on St-Louis Street. Police said the initial 911 call concerned graffiti on the pharmacy storefront and then found hate-related graffiti on two neighbouring Jewish-owned businesses as well.,watch,False,,,Service de police de la Ville de Montréal (SPVM),,,https://ca.news.yahoo.com/swastikas-spray-painted-three-neighbouring-123219578.html ; https://www.jns.org/advocacy-groups-urge-govt-action-after-montreal-jewish-businesses-vandalized-with-swastikas/,Public reporting did not identify the pharmacy by name.
151,2026-03-07,Thornhill,ON,Beth Avraham Yoseph of Toronto (BAYT),Western civilian target,shots fired at synagogue,York police investigated gunfire damage at BAYT in Thornhill after midnight; two people were inside at the time.,elevated,False,,,,,,https://toronto.citynews.ca/2026/03/07/police-investigate-after-shots-fired-at-thornhill-synagogue/,
152,2026-03-07,Toronto,ON,Shaarei Shomayim,Jewish institution,shots fired at front doors,Toronto police said multiple shots were fired at the front doors of Shaarei Shomayim just after midnight.,elevated,False,,,Toronto Police Service,2026-482592,,https://www.tps.ca/media-centre/news-releases/discharge-firearm-investigation-shaarei-shomayim/,
153,2024-11-15,Montreal,Quebec,McGill Jewish student activists,Jewish students,Doxxing / Target Mapping,Campus targeting list circulation,elevated,,,,,,,,
154,2025-02-24,Toronto,Ontario,Canadians who served in the IDF,Jewish individuals,Doxxing / Target Mapping,Launch of findidfsoldiers.net database,elevated,,,,,,,,
155,2025-12-03,Toronto,Ontario,Toronto Jewish institutions,Jewish institutions,Doxxing / Target Mapping,Launch of GTAtoIDF.com database,elevated,,,,,,,,
156,2024-06-01,Toronto,Ontario,Dahlia Kurtz,Jewish individual,Online harassment,Online harassment campaign,elevated,,,,,,,,
157,2024-03-15,Toronto,Ontario,University of Toronto Jewish student leaders,Jewish students,Doxxing / Target Mapping,Spreadsheet identifying pro‑Israel students,elevated,,,,,,,,
